<?xml version="1.0" encoding="UTF-8" standalone="no"?>
<manifest xmlns="http://tizen.org/ns/packages" api-version="2.3.1" package="org.example.calculator2" version="1.6.2">
    <profile name="wearable"/>
    <ui-application appid="org.example.calculator2" exec="calculator2" multiple="false" nodisplay="false" taskmanage="true" type="capp">
        <label>calculator2</label>
        <icon>calculator2.png</icon>
    </ui-application>
    <privileges>
        <privilege>http://tizen.org/privilege/network.get</privilege>
        <privilege>http://tizen.org/privilege/appmanager.launch</privilege>
        <privilege>http://tizen.org/privilege/network.set</privilege>
        <privilege>http://tizen.org/privilege/internet</privilege>
        <privilege>http://tizen.org/privilege/network.profile</privilege>
    </privileges>
</manifest>
