<?xml version="1.0" encoding="UTF-8" standalone="no"?>
<manifest xmlns="http://tizen.org/ns/packages" api-version="2.4" package="org.example.mobile" version="1.0.0">
    <profile name="mobile"/>
    <ui-application appid="org.example.mobile" exec="mobile" launch_mode="single" multiple="false" nodisplay="false" taskmanage="true" type="capp">
        <label>mobile</label>
        <icon>mobile.png</icon>
    </ui-application>
    <privileges>
        <privilege>http://tizen.org/privilege/network.get</privilege>
        <privilege>http://tizen.org/privilege/network.set</privilege>
        <privilege>http://tizen.org/privilege/internet</privilege>
        <privilege>http://tizen.org/privilege/network.profile</privilege>
    </privileges>
    <feature name="http://tizen.org/feature/network.wifi">true</feature>
</manifest>
